Christoph,Doelle,Mr,III,31/10/1994,Financial Analyst,18275,239
Lynett,Cron,Ms,II,07/12/1974,Engineer II,88916,317
Kennett,Dibson,Mr,IV,13/05/1973,Research Nurse,24832,242
Kameko,Linskill,Ms,II,03/11/1973,Operator,30707,328
Dicky,Sizzey,Dr,IV,27/11/1975,Sales Representative,92205,475
Sula,Tumioto,Rev,Sr,16/10/1979,Operator,75837,288
Abby,Rosensaft,Honorable,Jr,28/01/1972,VP Product Management,974,300
Milton,Buzin,Dr,III,03/06/1999,Desktop Support Technician,54839,362
Bobbie,MacNeillie,Mrs,Sr,23/03/1977,Design Engineer,24302,306
Winthrop,Bakster,Ms,II,26/05/1981,Legal Assistant,56402,491
Afton,Jaegar,Dr,II,20/12/1988,Editor,41144,371
Deva,Kubiczek,Mrs,IV,10/02/2000,Sales Representative,52302,29
Britney,Jenken,Rev,IV,12/07/1982,Civil Engineer,77792,424
Erma,Elcum,Mrs,III,10/12/1998,Systems Administrator IV,36,462
Terence,Normanell,Dr,II,31/03/1994,Safety Technician II,60158,114
Lyndel,Cossem,Rev,II,19/08/1987,Assistant Media Planner,80514,491
Maggee,Fuidge,Rev,Sr,22/09/1990,Executive Secretary,25482,494
Oralie,Barthrup,Mr,IV,21/10/1979,Chemical Engineer,95814,251
Vicki,Ternent,Honorable,Sr,30/12/1975,Marketing Assistant,62876,465
Ashia,Bachellier,Honorable,III,11/04/1973,Assistant Media Planner,19921,253
Carilyn,Chad,Honorable,Jr,17/11/1972,Paralegal,9984,113
Leroi,Josselson,Rev,IV,28/02/1999,Sales Associate,1806,143
Kandace,Parlott,Ms,Jr,23/09/1992,Systems Administrator III,37812,35
Agosto,Hooke,Rev,III,21/10/1972,Web Designer IV,57909,425
Jerry,Proby,Rev,II,23/07/1974,Financial Analyst,2253,206
Meridith,Somerton,Ms,IV,08/09/1983,Statistician II,23592,23
Bordie,Wagge,Ms,Sr,06/02/2001,Data Coordiator,87635,317
Timotheus,Blazej,Dr,IV,18/06/1997,Financial Advisor,54740,260
Basil,Heasley,Mrs,IV,16/12/1970,Senior Quality Engineer,1331,71
Rollins,Piatto,Mrs,IV,28/04/1976,Media Manager I,63129,29
Alexis,Dummigan,Honorable,Jr,16/08/1985,Data Coordiator,87536,300
Collie,Slimmon,Ms,II,21/05/1972,Help Desk Technician,62597,33
Darrelle,Eye,Rev,Jr,01/04/1998,Geological Engineer,93622,458
Levon,Delicate,Rev,Sr,02/02/1976,Administrative Officer,49066,103
Clint,Kynvin,Mrs,IV,04/09/1977,Sales Associate,29826,110
Jaclyn,Lamswood,Mr,Sr,15/07/1996,Accountant II,80283,179
Gearard,Kunzel,Ms,IV,15/02/1987,Analog Circuit Design manager,59015,317
Loydie,Carnduff,Rev,Jr,06/06/1993,Staff Scientist,76003,488
Bobina,Waything,Rev,Jr,15/06/1984,Senior Developer,20899,16
Maryrose,Otridge,Mrs,Sr,15/02/1982,Geologist II,94871,112
Latashia,Elstob,Rev,III,09/01/1983,Account Representative I,43359,278
Briggs,Tapsell,Rev,III,22/03/1980,Recruiter,67907,190
Skye,Pleasants,Honorable,Jr,21/07/1980,Systems Administrator II,69297,344
Marybelle,Amoore,Ms,II,24/08/1995,Help Desk Operator,85457,371
Rochette,Clayton,Ms,Sr,28/09/1973,Senior Developer,19997,286
Charlot,Samarth,Mrs,IV,18/02/1981,Human Resources Assistant I,30351,424
Laney,Annetts,Dr,IV,23/07/1998,Information Systems Manager,92705,44
Staffard,Karel,Mr,III,25/08/1983,Graphic Designer,44436,112
Tabbi,Bresnen,Mr,II,29/01/1973,Community Outreach Specialist,31825,397
Bradly,Belk,Mrs,III,27/02/1979,Account Coordinator,43667,357
Gennie,Print,Mr,III,05/06/2001,Quality Engineer,75038,287
Gilburt,Lante,Mr,Sr,29/05/1990,Occupational Therapist,47587,326
Frayda,Brislan,Ms,II,18/04/1986,VP Product Management,83719,336
Farleigh,Marques,Mrs,IV,09/05/1984,Accounting Assistant IV,47247,26
Guinna,Dauby,Ms,IV,19/09/1995,Junior Executive,72977,117
Coralie,Myford,Honorable,Jr,25/04/1984,Payment Adjustment Coordinator,35840,70
Cristian,Edgeon,Dr,Sr,12/09/1997,Nuclear Power Engineer,31596,136
Charisse,Cormode,Mr,IV,08/05/1984,Structural Engineer,42633,164
Reuben,Clarricoates,Mrs,IV,14/10/1989,Computer Systems Analyst III,93000,367
Oralla,Hanington,Mrs,IV,05/06/1980,Software Test Engineer I,4148,399
Guenevere,Aitchinson,Rev,IV,11/02/1997,Project Manager,88121,255
Shirley,Troctor,Dr,III,21/12/1986,Programmer IV,22822,361
Erin,Kleisle,Ms,II,28/07/1996,Human Resources Assistant I,48369,215
Evvy,Fitton,Dr,II,16/04/2002,Web Designer IV,52595,304
Fonzie,Whittle,Ms,II,31/12/1999,Account Executive,74788,473
Lory,Ivic,Ms,IV,20/11/1989,Nuclear Power Engineer,34323,427
Kenyon,Orhtmann,Honorable,Jr,04/11/1972,Software Consultant,10757,251
Rodie,Fillingham,Dr,Sr,04/12/1996,Developer IV,82212,150
Rance,Banasik,Ms,II,22/05/1982,Nurse Practicioner,88734,109
Mace,Conws,Rev,III,23/11/1982,Assistant Professor,86414,455
Dorie,Fluck,Rev,IV,14/09/1997,Accountant III,31026,77
Marsha,Shitliffe,Ms,IV,02/07/1978,Data Coordiator,9506,402
Frasier,Ladbury,Mrs,Jr,19/10/1974,Graphic Designer,40121,478
Blisse,Lampens,Rev,III,11/03/1970,Assistant Manager,45149,95
Jimmy,Pink,Rev,Sr,27/01/2002,Human Resources Manager,375,427
Vonni,Dutton,Mrs,IV,16/01/1985,Desktop Support Technician,22392,172
Rockie,Jayne,Mr,Sr,09/03/1971,Senior Financial Analyst,70973,284
Betsey,Dufall,Mrs,Sr,18/07/1972,Environmental Tech,28234,316
Sydelle,Watkiss,Dr,III,07/02/1975,Senior Developer,16355,153
Robinson,Tamblingson,Dr,Sr,04/08/1988,Senior Sales Associate,13509,141
Sharon,Chesser,Mrs,Jr,20/06/1992,Design Engineer,76474,262
Templeton,Cullip,Dr,II,23/01/1999,Food Chemist,32668,183
Michel,Giacovazzo,Ms,III,08/06/1978,Environmental Specialist,12432,125
Vince,Hache,Honorable,III,16/06/1981,Project Manager,68107,391
Kerk,Oliphant,Mrs,III,08/01/1993,Executive Secretary,96334,133
Kelvin,Foxley,Mrs,Jr,26/11/1997,VP Sales,37095,56
Hill,Aggus,Mr,II,05/01/1997,Legal Assistant,73607,380
Isaiah,Breeze,Mr,IV,19/09/1971,Recruiting Manager,88173,348
Amerigo,Blinkhorn,Rev,Sr,02/10/1983,Account Representative III,5946,376
Cecilius,Greatrakes,Ms,Sr,11/02/1993,Editor,5667,125
Honoria,Gatward,Mr,III,19/11/1988,Analyst Programmer,40107,154
Odell,Armfield,Mrs,Jr,11/09/1974,Chief Design Engineer,61831,468
Fred,Seebert,Honorable,II,04/11/2001,VP Accounting,6340,73
Gibb,Creany,Dr,III,27/09/1987,Systems Administrator II,95048,135
Holly,Feasby,Mrs,Jr,11/04/1997,Statistician I,61395,373
Adan,Skures,Ms,II,20/11/1971,Legal Assistant,62068,273
Vivian,Domerq,Honorable,III,04/04/1973,Marketing Assistant,99924,310
Pierrette,Boyall,Rev,Sr,28/01/1988,General Manager,15952,179
Bennie,Mossbee,Rev,Jr,08/01/1994,Administrative Officer,25344,397
Cheryl,Olufsen,Ms,IV,28/03/1991,Analyst Programmer,71097,342
